[
    {
        "last_id": 24
    },
    {
        "data": [
            {
                "id": 1,
                "account": "techcs06-016",
                "display_name": "wl002",
                "secret": "HTH36LENHZ3Y5JSBYNGCVBRIOXRNM5RU"
            },
            {
                "id": 2,
                "account": "techcs06-017",
                "display_name": "wl003",
                "secret": "CJYX6DRSAJM3AYACKHZDVDFITZ55XATY"
            },
            {
                "id": 3,
                "account": "techcs06-018",
                "display_name": "wl004",
                "secret": "RH5AVUOBJ4STZFLPDICE5UEB6LZZYP4P"
            },
            {
                "id": 4,
                "account": "techcs06-019",
                "display_name": "wl019",
                "secret": "I5TBHXJHYUOK74NWX36UCSND5DN5MJF7"
            },
            {
                "id": 5,
                "account": "techcs06-020",
                "display_name": "wl020",
                "secret": "NKODQGE537HN6HJV5JVJGK5JZVQIBGBJ"
            },
            {
                "id": 6,
                "account": "charles-018",
                "display_name": "Charles - WL004",
                "secret": "QHMW6KLGHP7WREDXPLV6ADRB4C554HBS"
            },
            {
                "id": 7,
                "account": "charles-019",
                "display_name": "Charles - WL019",
                "secret": "SHOCEXK6GCOE3WNFYIL3MP5LQT4CFV2Q"
            },
            {
                "id": 8,
                "account": "charles-020",
                "display_name": "Charles - WL020",
                "secret": "WRBUYS5R64MTDPXGBV3W43VHL64FT5LE"
            },
            {
                "id": 9,
                "account": "charles-022",
                "display_name": "Charles - WL022",
                "secret": "XG6L5UZUBYADHN77ETJ26QRLJ5G6C7X5"
            },
            {
                "id": 10,
                "account": "charles-023",
                "display_name": "Charles - WL023",
                "secret": "AFBTNTTUFFN7RXJUC6KSHM57BSUNYIPT"
            },
            {
                "id": 11,
                "account": "charles-025",
                "display_name": "Charles - WL025",
                "secret": "OUBYPTJZ55NTLYL2ZCR3UQDQ5TJRA2VK"
            },
            {
                "id": 12,
                "account": "charles-027",
                "display_name": "Charles - WL027",
                "secret": "XOCWSCOVUU4WHI6Q6W5O2XDILYLNQ4IB"
            },
            {
                "id": 13,
                "account": "charles-my01",
                "display_name": "Charles - my01",
                "secret": "64RGWCSZJIRFXW6U4FQ6Z5VZGKK7PPHL"
            },
            {
                "id": 14,
                "account": "charles-wlph001",
                "display_name": "Charles - WLPH001",
                "secret": "ZWWOJF5PBTYQTZ6FKTTRYOEW7ZRHMDHG"
            },
            {
                "id": 15,
                "account": "charles-th002",
                "display_name": "Charles - TH002",
                "secret": "D7IS2DNXL6XXGP5PLGZ66XFIXZKUQDJZ"
            },
            {
                "id": 16,
                "account": "charles-idn01",
                "display_name": "Charles - idn01",
                "secret": "RY4VR4PJT22MATS6WZ36CNCAHL45ZCHK"
            },
            {
                "id": 17,
                "account": "soonyao-pre",
                "display_name": "SoonYao - prelive",
                "secret": "KYSJHI5UFQZQ4LXJEYUGL45TM4SDSWWK"
            },
            {
                "id": 18,
                "account": "soonyao",
                "display_name": "SoonYao SuperAdminSystem",
                "secret": "CXT5NR4OVH6KXFS5"
            },
            {
                "id": 19,
                "account": "pgtech-022",
                "display_name": "pgtech wl022",
                "secret": "2MIP45GVXXHCJ3M4GRQW7YFMRYFY5KST"
            },
            {
                "id": 20,
                "account": "epay-aff",
                "display_name": "Epay代理 - 12312312312",
                "secret": "BFAFWM5DAQTST2H4"
            },
            {
                "id": 21,
                "account": "epay-merchant_1",
                "display_name": "Epay代理 - 18345678910",
                "secret": "CYQJIPABCQN5UDEF"
            },
            {
                "id": 22,
                "account": "epay-merchant_2",
                "display_name": "Epay商户 - 13800138000",
                "secret": "EO6K2YGLSHOV5CW5"
            },
            {
                "id": 23,
                "account": "epay-merchant_3",
                "display_name": "Epay-商户 13068641370",
                "secret": "L7KYX5IIXBFAOYT5"
            },
            {
                "id": 24,
                "account": "epay-admin",
                "display_name": "Epay-管理员 11234123213",
                "secret": "7R4OYZR2LJNLOCNW"
            }
        ]
    }
]