[
    {
        "id": 1,
        "user_id": "soonyao",
        "otp_id": [
            1,
            2,
            3,
            4,
            5,
            6,
            7,
            8,
            9,
            10,
            11,
            12,
            13,
            14,
            15,
            16,
            17,
            18,
            19,
            20,
            21,
            22,
            23,
            24
        ],
        "create_time": null,
        "create_by": null,
        "create_ip": null,
        "update_time": 1656322235,
        "update_by": "soonyao",
        "update_ip": "::1",
        "is_deleted": 0
    }
]