[
    {
        "id": 1,
        "username": "soonyao",
        "password": "111111",
        "display_name": "yao1",
        "profile_pic": "\/public\/static\/image\/profile_img.PNG",
        "login_time": "2022-06-27 11:11:18",
        "logout_time": "2022-06-27 09:32:12",
        "is_login": 1,
        "create_time": null,
        "create_by": null,
        "create_ip": null,
        "update_time": 1656322235,
        "update_by": "soonyao",
        "update_ip": "::1",
        "is_deleted": 0
    }
]